iteration,cd
0.000000000000000000e+00,-1.488050622661218902e-02
1.000000000000000000e+00,-1.465328080138103561e-02
2.000000000000000000e+00,-1.444704042846078895e-02
3.000000000000000000e+00,-1.334481379576069049e-02
4.000000000000000000e+00,-1.287109695255486685e-02
5.000000000000000000e+00,-1.250709928084020595e-02
6.000000000000000000e+00,-1.118757917016469094e-02
7.000000000000000000e+00,-1.019612964831970170e-02
8.000000000000000000e+00,-8.504528004961653398e-03
9.000000000000000000e+00,-7.199372772242473850e-03
1.000000000000000000e+01,-5.428741089494509842e-03
1.100000000000000000e+01,-3.917934424133379112e-03
1.200000000000000000e+01,-2.696759843109519661e-03
1.300000000000000000e+01,-2.510223721459842183e-03
1.400000000000000000e+01,-2.960551827345614395e-03
1.500000000000000000e+01,-3.744144368735463635e-03
1.600000000000000000e+01,-4.693137385845536080e-03
1.700000000000000000e+01,-5.399807575301313056e-03
1.800000000000000000e+01,-5.734162490726557593e-03
1.900000000000000000e+01,-6.128193980572987920e-03
2.000000000000000000e+01,-5.648198077764537972e-03
2.100000000000000000e+01,-4.594802755083754464e-03
2.200000000000000000e+01,-3.452668604026237764e-03
2.300000000000000000e+01,-2.331802143483885370e-03
2.400000000000000000e+01,-1.234115485234471565e-03
2.500000000000000000e+01,-4.974514034555010955e-04
3.400000000000000000e+01,-6.544393006005511104e-05
3.500000000000000000e+01,-2.575026729557949867e-04
3.600000000000000000e+01,-2.782179048455846182e-04
3.700000000000000000e+01,-2.538740634717984168e-04
3.800000000000000000e+01,-1.560324943861435276e-04
3.900000000000000000e+01,-2.160496123250477130e-04
6.700000000000000000e+01,-1.807813604803309993e-04
6.800000000000000000e+01,-7.325036151196451240e-04
6.900000000000000000e+01,-9.692231696466213631e-04
7.000000000000000000e+01,-1.213346710206231194e-03
7.100000000000000000e+01,-1.571238740450259241e-03
7.200000000000000000e+01,-1.516694273686836070e-03
7.300000000000000000e+01,-1.334226456248893689e-03
7.400000000000000000e+01,-8.063654345968063186e-04
7.500000000000000000e+01,-3.873433466771991629e-04
7.600000000000000000e+01,-1.178067504109259200e-04
9.600000000000000000e+01,-5.128289894988924402e-04
9.700000000000000000e+01,-1.254477592866620750e-03
9.800000000000000000e+01,-1.906289939970357006e-03
9.900000000000000000e+01,-2.404764439221412919e-03
1.000000000000000000e+02,-2.653795321443913613e-03
1.010000000000000000e+02,-2.822457211234252750e-03
1.020000000000000000e+02,-3.072745891272987695e-03
1.030000000000000000e+02,-3.179568077466499165e-03
1.040000000000000000e+02,-2.961418332522475216e-03
1.050000000000000000e+02,-2.663583266025920659e-03
1.060000000000000000e+02,-2.349046502062857034e-03
1.070000000000000000e+02,-1.814282692091218063e-03
1.080000000000000000e+02,-1.034508854268867406e-03
1.090000000000000000e+02,-4.537333025028678080e-04
1.310000000000000000e+02,-5.606992926928400234e-04
1.320000000000000000e+02,-1.404809048957067485e-03
1.330000000000000000e+02,-2.160256989952841211e-03
1.340000000000000000e+02,-2.376622471703282446e-03
1.350000000000000000e+02,-2.561300887792550274e-03
1.360000000000000000e+02,-2.695019414424515425e-03
1.370000000000000000e+02,-2.861808907688029313e-03
1.380000000000000000e+02,-3.030548060730553495e-03
1.390000000000000000e+02,-3.198640380592587817e-03
1.400000000000000000e+02,-3.187059670809122558e-03
1.410000000000000000e+02,-3.226972229843083628e-03
1.420000000000000000e+02,-3.270004683551069879e-03
1.430000000000000000e+02,-3.338718228553971823e-03
1.440000000000000000e+02,-3.417411089475186348e-03
1.450000000000000000e+02,-3.469710374802315034e-03
1.460000000000000000e+02,-3.386889968416656460e-03
1.470000000000000000e+02,-3.161497061253681906e-03
1.480000000000000000e+02,-3.011532296609414905e-03
1.490000000000000000e+02,-2.783657075585754814e-03
1.500000000000000000e+02,-2.497535696787955839e-03
1.510000000000000000e+02,-2.158524483614365774e-03
1.520000000000000000e+02,-1.823916478115306106e-03
1.530000000000000000e+02,-1.554866561093493083e-03
1.540000000000000000e+02,-1.254245857491065319e-03
1.550000000000000000e+02,-1.023672186631047198e-03
1.560000000000000000e+02,-6.835715644941398050e-04
1.570000000000000000e+02,-5.636422468268398323e-04
1.580000000000000000e+02,-3.577741471167128484e-04
1.590000000000000000e+02,-2.676053184276772079e-04
1.600000000000000000e+02,-1.930227193080169545e-04
1.610000000000000000e+02,-3.151102691902607500e-04
1.620000000000000000e+02,-1.871663381425858752e-04
1.630000000000000000e+02,-1.051765359247891496e-04
1.640000000000000000e+02,-3.614914432270577294e-05
1.650000000000000000e+02,-1.224065296852039353e-04
1.660000000000000000e+02,-3.316874550553239320e-04
1.670000000000000000e+02,-4.262950283661359752e-04
1.680000000000000000e+02,-5.409011677326158729e-04
1.690000000000000000e+02,-6.020707813866876812e-04
1.700000000000000000e+02,-7.205585247235246626e-04
1.710000000000000000e+02,-7.456859700436802019e-04
1.720000000000000000e+02,-7.940837297048253252e-04
1.730000000000000000e+02,-9.739209053895581114e-04
1.740000000000000000e+02,-1.159240361485236459e-03
1.750000000000000000e+02,-1.474408613064970286e-03
1.760000000000000000e+02,-1.790057812890516464e-03
1.770000000000000000e+02,-1.893763253240005051e-03
1.780000000000000000e+02,-1.808517248628821461e-03
1.790000000000000000e+02,-1.785993452298823003e-03
1.800000000000000000e+02,-1.873761322015082831e-03
1.810000000000000000e+02,-2.123435140360729889e-03
1.820000000000000000e+02,-2.368263103595280583e-03
1.830000000000000000e+02,-2.619257567621352534e-03
1.840000000000000000e+02,-2.781826601577219726e-03
1.850000000000000000e+02,-3.004527505632098583e-03
1.860000000000000000e+02,-3.274477108687390281e-03
1.870000000000000000e+02,-3.418680372460736194e-03
1.880000000000000000e+02,-3.644608277801664187e-03
1.890000000000000000e+02,-3.811596420615875891e-03
1.900000000000000000e+02,-4.023682868897815457e-03
1.910000000000000000e+02,-4.160473006930426321e-03
1.920000000000000000e+02,-4.229047848249040120e-03
1.930000000000000000e+02,-4.193930399236212025e-03
1.940000000000000000e+02,-4.216971487630033488e-03
1.950000000000000000e+02,-4.114477255109105780e-03
1.960000000000000000e+02,-3.745761713628975587e-03
1.970000000000000000e+02,-3.362038617062051982e-03
1.980000000000000000e+02,-2.956275050828599538e-03
1.990000000000000000e+02,-2.600839979468250185e-03
2.000000000000000000e+02,-2.279846323827355858e-03
2.010000000000000000e+02,-1.890250320994324440e-03
2.020000000000000000e+02,-1.627806914808266336e-03
2.030000000000000000e+02,-1.174249487618045373e-03
2.040000000000000000e+02,-8.637231691372704301e-04
2.050000000000000000e+02,-7.980563010282215597e-04
2.060000000000000000e+02,-6.594280491327153548e-04
2.070000000000000000e+02,-7.262272168736816358e-04
2.080000000000000000e+02,-9.536343088030196924e-04
2.090000000000000000e+02,-1.367265388534349979e-03
2.100000000000000000e+02,-1.722306719881244730e-03
2.110000000000000000e+02,-2.126498676951277256e-03
2.120000000000000000e+02,-2.349379045403443556e-03
2.130000000000000000e+02,-2.689976416539008319e-03
2.140000000000000000e+02,-2.804706224200009812e-03
2.150000000000000000e+02,-2.769763990676438192e-03
2.160000000000000000e+02,-2.798420033804371876e-03
2.170000000000000000e+02,-2.591917914360475361e-03
2.180000000000000000e+02,-2.421684080062325162e-03
2.190000000000000000e+02,-2.234567954581934135e-03
2.200000000000000000e+02,-2.155562170915670261e-03
2.210000000000000000e+02,-2.034894877937232227e-03
2.220000000000000000e+02,-1.855790579570026910e-03
2.230000000000000000e+02,-1.821310410063420315e-03
2.240000000000000000e+02,-1.726500238810019239e-03
2.250000000000000000e+02,-1.410634745332428608e-03
2.260000000000000000e+02,-1.273167999209956491e-03
2.270000000000000000e+02,-1.176039103273324171e-03
2.280000000000000000e+02,-1.128402883565332582e-03
2.290000000000000000e+02,-1.147723314911280879e-03
2.300000000000000000e+02,-1.252265879659653081e-03
2.310000000000000000e+02,-1.212500665812521472e-03
2.320000000000000000e+02,-1.090882221365913063e-03
2.330000000000000000e+02,-8.933276392986688741e-04
2.340000000000000000e+02,-9.760089066618016229e-04
2.350000000000000000e+02,-1.012474539974106413e-03
2.360000000000000000e+02,-1.106978845547168522e-03
2.370000000000000000e+02,-7.368092288724259475e-04
2.380000000000000000e+02,-2.972607457956133459e-04
2.390000000000000000e+02,-3.040569694698347369e-05
2.410000000000000000e+02,-6.288609988730486933e-05
2.420000000000000000e+02,-1.567638874572507834e-04
2.430000000000000000e+02,-3.251860872066358876e-04
2.440000000000000000e+02,-3.603734722544549296e-04
2.450000000000000000e+02,-1.836820484362178263e-04
2.460000000000000000e+02,-1.316383240518304021e-05
2.590000000000000000e+02,-4.003100342340748519e-04
2.600000000000000000e+02,-7.988425512225616476e-04
2.610000000000000000e+02,-9.659415254739955881e-04
2.620000000000000000e+02,-9.252928947515448588e-04
2.630000000000000000e+02,-7.985060956981482327e-04
2.640000000000000000e+02,-6.340773145321332294e-04
2.650000000000000000e+02,-4.466694408122307003e-04
2.660000000000000000e+02,-3.999756484311944860e-04
2.670000000000000000e+02,-4.118468211471437712e-04
2.680000000000000000e+02,-3.671333517304142813e-04
2.690000000000000000e+02,-2.416188433028154670e-04
2.700000000000000000e+02,-3.128883232935975034e-04
2.710000000000000000e+02,-2.474117815126353204e-04
2.720000000000000000e+02,-1.906918088831199842e-04
2.730000000000000000e+02,-3.380893895225112189e-04
2.740000000000000000e+02,-5.778302574753202414e-04
2.750000000000000000e+02,-8.519660829045538897e-04
2.760000000000000000e+02,-9.932419882929532928e-04
2.770000000000000000e+02,-1.302036974125120317e-03
2.780000000000000000e+02,-1.583237318548341710e-03
2.790000000000000000e+02,-1.653135246603765207e-03
2.800000000000000000e+02,-1.450033042561887919e-03
2.810000000000000000e+02,-1.368301475248828725e-03
2.820000000000000000e+02,-1.323258553387607339e-03
2.830000000000000000e+02,-1.234891370831436852e-03
2.840000000000000000e+02,-1.133976475987008570e-03
2.850000000000000000e+02,-1.315964703957450688e-03
2.860000000000000000e+02,-1.209368585445597111e-03
2.870000000000000000e+02,-1.107337800742763667e-03
2.880000000000000000e+02,-1.217439746029946868e-03
2.890000000000000000e+02,-1.293312718109923543e-03
2.900000000000000000e+02,-1.188183528363445651e-03
2.910000000000000000e+02,-8.882866965415348037e-04
2.920000000000000000e+02,-7.430396080594370289e-04
2.930000000000000000e+02,-6.156785918038643057e-04
2.940000000000000000e+02,-4.698579811258651873e-04
2.950000000000000000e+02,-5.032178941765663716e-04
2.960000000000000000e+02,-5.940530058279047676e-04
2.970000000000000000e+02,-1.640392361200171401e-04
3.190000000000000000e+02,-2.024777690733670088e-04
3.200000000000000000e+02,-4.632729601680707354e-04
3.210000000000000000e+02,-7.910620483330688124e-04
3.220000000000000000e+02,-8.822798184047186965e-04
3.230000000000000000e+02,-9.766321255776089227e-04
3.240000000000000000e+02,-9.245409985807195863e-04
3.250000000000000000e+02,-5.067154837617438012e-04
3.420000000000000000e+02,-2.349924243115752986e-04
3.430000000000000000e+02,-7.160273880209844233e-04
3.440000000000000000e+02,-1.245558724441875320e-03
3.450000000000000000e+02,-1.347331255883738033e-03
3.460000000000000000e+02,-1.425058763623671121e-03
3.470000000000000000e+02,-1.272325341152347189e-03
3.480000000000000000e+02,-1.082240960517871775e-03
3.490000000000000000e+02,-8.496164651891069397e-04
3.500000000000000000e+02,-3.106486255667895158e-04
3.630000000000000000e+02,-7.543786581776235067e-05
3.640000000000000000e+02,-8.121595311479934409e-04
3.650000000000000000e+02,-1.678063821838077230e-03
3.660000000000000000e+02,-2.297201728997749770e-03
3.670000000000000000e+02,-2.655561146301999020e-03
3.680000000000000000e+02,-2.690526811225446568e-03
3.690000000000000000e+02,-2.592530356301026018e-03
3.700000000000000000e+02,-2.428831004199438759e-03
3.710000000000000000e+02,-2.169252049749853528e-03
3.720000000000000000e+02,-1.608818758162544604e-03
3.730000000000000000e+02,-9.451762640218519529e-04
3.740000000000000000e+02,-3.302009288196072756e-04
3.840000000000000000e+02,-1.000105030178888299e-04
3.850000000000000000e+02,-3.232964906889623791e-04
3.860000000000000000e+02,-3.679501672083640429e-04
3.870000000000000000e+02,-5.336274621496606141e-04
3.880000000000000000e+02,-4.819539885980161920e-04
3.890000000000000000e+02,-4.396363293863725374e-04
3.900000000000000000e+02,-4.359557314327355826e-04
3.910000000000000000e+02,-3.984043149809213258e-04
3.920000000000000000e+02,-4.479782402375676043e-04
3.930000000000000000e+02,-4.539196625404640084e-04
3.940000000000000000e+02,-5.864494249327723008e-04
3.950000000000000000e+02,-7.424803122735856853e-04
3.960000000000000000e+02,-6.873118100859942903e-04
3.970000000000000000e+02,-4.829948628364832963e-04
3.980000000000000000e+02,-3.717797859788263271e-04
3.990000000000000000e+02,-3.209975595301894913e-04
4.000000000000000000e+02,-3.164807466148611415e-04
4.010000000000000000e+02,-3.056366857327463826e-04
4.020000000000000000e+02,-2.979683395597232387e-04
4.030000000000000000e+02,-2.412341859091837737e-04
4.140000000000000000e+02,-2.249809275703951172e-04
4.150000000000000000e+02,-3.318237136891999395e-04
4.160000000000000000e+02,-5.560961658326313284e-04
4.170000000000000000e+02,-6.736289047958865517e-04
4.180000000000000000e+02,-8.772450151833255383e-04
4.190000000000000000e+02,-8.685955809097645197e-04
4.200000000000000000e+02,-9.574873594623001249e-04
4.210000000000000000e+02,-9.349754814162170025e-04
4.220000000000000000e+02,-7.638888001852695009e-04
4.230000000000000000e+02,-7.454121403195901330e-04
4.240000000000000000e+02,-8.009048487109260428e-04
4.250000000000000000e+02,-7.629640644702950780e-04
4.260000000000000000e+02,-6.993509715939039140e-04
4.270000000000000000e+02,-5.629229864684559548e-04
4.280000000000000000e+02,-3.624361476591841935e-04
4.290000000000000000e+02,-1.501164018110345832e-04
4.300000000000000000e+02,-6.566522949455477765e-05
4.660000000000000000e+02,-4.822264329958081408e-04
4.670000000000000000e+02,-9.255190388229861398e-04
4.680000000000000000e+02,-1.265076782418689261e-03
4.690000000000000000e+02,-1.700731800952759443e-03
4.700000000000000000e+02,-2.091793064200986318e-03
4.710000000000000000e+02,-2.000678151373197489e-03
4.720000000000000000e+02,-1.978917264699092682e-03
4.730000000000000000e+02,-1.783349979773168892e-03
4.740000000000000000e+02,-1.607866374453009728e-03
4.750000000000000000e+02,-1.306442930256002111e-03
4.760000000000000000e+02,-1.126791787011527379e-03
4.770000000000000000e+02,-9.509079762789196533e-04
4.780000000000000000e+02,-6.555088255043028944e-04
4.790000000000000000e+02,-3.363929904879880972e-04
4.800000000000000000e+02,-8.115018657281480863e-05
4.840000000000000000e+02,-1.478288508346692343e-04
4.850000000000000000e+02,-2.949115186884621043e-04
4.860000000000000000e+02,-3.817967679268785552e-04
4.870000000000000000e+02,-6.425143865834703760e-05
4.950000000000000000e+02,-2.562856247091405137e-04
4.960000000000000000e+02,-7.876119470498210706e-04
4.970000000000000000e+02,-1.364883336472805242e-03
4.980000000000000000e+02,-1.852722908888021491e-03
4.990000000000000000e+02,-2.286344840760068386e-03
5.000000000000000000e+02,-2.592647842242667977e-03
5.010000000000000000e+02,-2.616269090840145362e-03
5.020000000000000000e+02,-2.457954460130695740e-03
5.030000000000000000e+02,-2.112926459413272395e-03
5.040000000000000000e+02,-1.895965128398263699e-03
5.050000000000000000e+02,-1.545150150923546573e-03
5.060000000000000000e+02,-1.221829938111762548e-03
5.070000000000000000e+02,-1.008318346255282494e-03
5.080000000000000000e+02,-8.505477842993269810e-04
5.090000000000000000e+02,-5.543292363686391777e-04
5.100000000000000000e+02,-3.137727499415710053e-04
5.110000000000000000e+02,-2.318272772782736801e-04
5.120000000000000000e+02,-1.377517743699485653e-04
5.130000000000000000e+02,-1.521426115455581929e-04
5.140000000000000000e+02,-2.812612795917435182e-04
5.150000000000000000e+02,-7.167455122448762594e-04
5.160000000000000000e+02,-1.077549158475216151e-03
5.170000000000000000e+02,-1.299152381454976579e-03
5.180000000000000000e+02,-1.496377319017722085e-03
5.190000000000000000e+02,-1.751506849307693514e-03
5.200000000000000000e+02,-1.988517183444171721e-03
5.210000000000000000e+02,-2.223261714827312607e-03
5.220000000000000000e+02,-2.035820303338514714e-03
5.230000000000000000e+02,-1.792017211397545218e-03
5.240000000000000000e+02,-1.321293072818779946e-03
5.250000000000000000e+02,-9.715726872503716027e-04
5.260000000000000000e+02,-6.361719552779587783e-04
5.270000000000000000e+02,-3.738930964941600266e-05
5.660000000000000000e+02,-3.995647140853098023e-05
5.670000000000000000e+02,-1.851225984665361146e-04
5.680000000000000000e+02,-3.494908361102722072e-04
5.690000000000000000e+02,-3.628945638980973776e-04
5.700000000000000000e+02,-3.249707379439636945e-04
6.050000000000000000e+02,-4.824186155813481314e-05
6.060000000000000000e+02,-1.897188344166522711e-04
6.070000000000000000e+02,-6.952389618275489624e-05
6.280000000000000000e+02,-2.136150377282652890e-05
6.290000000000000000e+02,-3.023697690343052358e-04
6.300000000000000000e+02,-6.740180542388618523e-04
6.310000000000000000e+02,-9.104473091046394462e-04
6.320000000000000000e+02,-1.050170059560928681e-03
6.330000000000000000e+02,-1.170497121205621438e-03
6.340000000000000000e+02,-1.148219822750706776e-03
6.350000000000000000e+02,-9.484568673491788893e-04
6.360000000000000000e+02,-7.483797964846217177e-04
6.370000000000000000e+02,-5.434204891221761091e-04
6.380000000000000000e+02,-3.361113950848537701e-04
6.390000000000000000e+02,-1.911818252538499685e-04
6.400000000000000000e+02,-4.811906748841687786e-05
6.450000000000000000e+02,-1.889145365325251014e-04
6.460000000000000000e+02,-3.817947118631148662e-04
6.470000000000000000e+02,-5.259497701840532002e-04
6.480000000000000000e+02,-6.291101227472728485e-04
6.490000000000000000e+02,-8.283799918570311505e-04
6.500000000000000000e+02,-7.274478487800939419e-04
6.510000000000000000e+02,-7.131062459526660291e-04
6.520000000000000000e+02,-6.222035806338066521e-04
6.530000000000000000e+02,-6.410553575593724851e-04
6.540000000000000000e+02,-5.283879300602423168e-04
6.550000000000000000e+02,-3.448262110903876909e-04
6.560000000000000000e+02,-1.762284258814972304e-04
6.570000000000000000e+02,-5.865168827809408292e-05
6.630000000000000000e+02,-8.824046712582744867e-05
6.640000000000000000e+02,-3.400668403534812256e-04
6.650000000000000000e+02,-5.718289395823528132e-04
6.660000000000000000e+02,-6.631891863234096185e-04
6.670000000000000000e+02,-8.665375787969276100e-04
6.680000000000000000e+02,-9.337698831212715156e-04
6.690000000000000000e+02,-9.849711667966332129e-04
6.700000000000000000e+02,-1.104122117378342205e-03
6.710000000000000000e+02,-1.249803127512050249e-03
6.720000000000000000e+02,-1.186735813374972803e-03
6.730000000000000000e+02,-1.210450526563877638e-03
6.740000000000000000e+02,-1.082268454679902181e-03
6.750000000000000000e+02,-1.201104454862489401e-03
6.760000000000000000e+02,-1.239637439333224345e-03
6.770000000000000000e+02,-1.289463800982021402e-03
6.780000000000000000e+02,-1.292146643098734948e-03
6.790000000000000000e+02,-1.079580915644501315e-03
6.800000000000000000e+02,-9.230327590968590012e-04
6.810000000000000000e+02,-7.442649315213267780e-04
6.820000000000000000e+02,-6.143951446941353645e-04
6.830000000000000000e+02,-5.265889756585484527e-04
6.840000000000000000e+02,-5.147290163100559646e-04
6.850000000000000000e+02,-4.010311523902632125e-04
6.970000000000000000e+02,-1.201852744293352426e-04
6.980000000000000000e+02,-2.303915428475411531e-04
6.990000000000000000e+02,-4.524831965829478886e-04
7.000000000000000000e+02,-6.455141988533363850e-04
7.010000000000000000e+02,-8.537409501394310762e-04
7.020000000000000000e+02,-1.111804846045505446e-03
7.030000000000000000e+02,-1.214784159723092394e-03
7.040000000000000000e+02,-9.450854223845839286e-04
7.050000000000000000e+02,-6.771102834095266143e-04
7.060000000000000000e+02,-1.705192844619063397e-04
7.380000000000000000e+02,-4.347555786951562418e-05
7.390000000000000000e+02,-5.138111916398180323e-04
7.400000000000000000e+02,-1.025088783105476686e-03
7.410000000000000000e+02,-1.085337767196797865e-03
7.420000000000000000e+02,-8.785151756032505421e-04
7.430000000000000000e+02,-5.405052607349580818e-04
7.440000000000000000e+02,-3.262812654440394589e-04
7.450000000000000000e+02,-2.194324456530893919e-04
7.460000000000000000e+02,-1.117004692012257827e-04
7.580000000000000000e+02,-1.415532406991437675e-04
7.590000000000000000e+02,-4.036197868833857338e-04
7.600000000000000000e+02,-7.547778060217336105e-04
7.610000000000000000e+02,-1.250912386252800435e-03
7.620000000000000000e+02,-1.563017033960806268e-03
7.630000000000000000e+02,-1.774455426538451563e-03
7.640000000000000000e+02,-1.961483228367533194e-03
7.650000000000000000e+02,-2.021825819490480347e-03
7.660000000000000000e+02,-1.919954738323459420e-03
7.670000000000000000e+02,-1.801318695029890948e-03
7.680000000000000000e+02,-1.678051535064978284e-03
7.690000000000000000e+02,-1.478117502431819386e-03
7.700000000000000000e+02,-1.226378997375043856e-03
7.710000000000000000e+02,-7.952347464134090771e-04
7.720000000000000000e+02,-5.036834565536885133e-04
7.730000000000000000e+02,-3.111843798978275455e-04
7.740000000000000000e+02,-4.239638575975757107e-05
7.830000000000000000e+02,-9.565601361780085021e-05
7.840000000000000000e+02,-4.594242748109100827e-04
7.850000000000000000e+02,-5.141048627545219407e-04
7.860000000000000000e+02,-6.661725415272323758e-04
7.870000000000000000e+02,-6.942409451475561877e-04
7.880000000000000000e+02,-6.209863145301419696e-04
7.890000000000000000e+02,-5.101354247721012758e-04
7.900000000000000000e+02,-4.193726612232440143e-04
7.910000000000000000e+02,-4.924505067047668661e-04
7.920000000000000000e+02,-5.395269302124194866e-04
7.930000000000000000e+02,-3.431848600315146047e-04
7.940000000000000000e+02,-5.107089297565203800e-05
7.980000000000000000e+02,-1.452903291664642271e-04
7.990000000000000000e+02,-3.462509580903772033e-04
8.000000000000000000e+02,-4.828791126626486019e-04
8.010000000000000000e+02,-6.094994619720295326e-04
8.020000000000000000e+02,-6.614167577363161410e-04
8.030000000000000000e+02,-5.424965719181551460e-04
8.040000000000000000e+02,-2.150611757220644016e-04
8.200000000000000000e+02,-2.225089030905014198e-05
8.210000000000000000e+02,-4.277539536484964433e-04
8.220000000000000000e+02,-7.184260491565341855e-04
8.230000000000000000e+02,-7.707617209245787304e-04
8.240000000000000000e+02,-5.703541841303172433e-04
8.250000000000000000e+02,-1.790788761179551436e-04
8.400000000000000000e+02,-2.096067346078478444e-04
8.410000000000000000e+02,-5.050010955858497130e-04
8.420000000000000000e+02,-6.944074340791694944e-04
8.430000000000000000e+02,-8.611063698062138005e-04
8.440000000000000000e+02,-1.068532804803096203e-03
8.450000000000000000e+02,-1.116938855184462787e-03
8.460000000000000000e+02,-1.017059970292527593e-03
8.470000000000000000e+02,-8.471016140374765246e-04
8.480000000000000000e+02,-6.495880091765826592e-04
8.490000000000000000e+02,-4.137683015599524783e-04
8.500000000000000000e+02,-1.897063643310215042e-04
8.580000000000000000e+02,-3.031452402284806613e-04
8.590000000000000000e+02,-7.598207156883640678e-04
8.600000000000000000e+02,-1.260802196935806307e-03
8.610000000000000000e+02,-1.641708887732240552e-03
8.620000000000000000e+02,-1.800437002508370465e-03
8.630000000000000000e+02,-1.575812606216864253e-03
8.640000000000000000e+02,-1.194736513676020184e-03
8.650000000000000000e+02,-6.150255890329803243e-04
9.040000000000000000e+02,-2.729592530567592767e-05
9.050000000000000000e+02,-3.474628403461466064e-04
9.060000000000000000e+02,-4.593520089835323450e-04
9.070000000000000000e+02,-4.325935445370354682e-04
9.080000000000000000e+02,-1.844388613436165336e-04
9.230000000000000000e+02,-1.790581849347161469e-04
9.240000000000000000e+02,-4.464991771966353440e-04
9.250000000000000000e+02,-4.834301744048030702e-04
9.260000000000000000e+02,-2.683268663014326538e-04
9.270000000000000000e+02,-2.527944099911527687e-05
9.390000000000000000e+02,-2.133631336315999771e-04
9.400000000000000000e+02,-5.003106910327070889e-04
9.410000000000000000e+02,-5.538868505275684750e-04
9.420000000000000000e+02,-5.481213854235666982e-04
9.430000000000000000e+02,-1.991985446055666298e-04
9.480000000000000000e+02,-1.078117164604319722e-04
9.490000000000000000e+02,-4.574568070521423113e-04
9.500000000000000000e+02,-8.082005456923335718e-04
9.510000000000000000e+02,-1.222755965608918194e-03
9.520000000000000000e+02,-1.573489360250507341e-03
9.530000000000000000e+02,-1.802757294696089030e-03
9.540000000000000000e+02,-2.006274922193795884e-03
9.550000000000000000e+02,-1.837264305088626148e-03
9.560000000000000000e+02,-1.537938270966709986e-03
9.570000000000000000e+02,-1.088105123742438840e-03
9.580000000000000000e+02,-6.592030472818422027e-04
9.590000000000000000e+02,-2.736767600657608046e-04
9.760000000000000000e+02,-1.594830183537787605e-04
9.770000000000000000e+02,-4.451427902365523437e-04
9.780000000000000000e+02,-5.533472609459966218e-04
9.790000000000000000e+02,-5.844133906980908399e-04
9.800000000000000000e+02,-3.673509457191304062e-04
9.810000000000000000e+02,-4.789111971176263083e-05
9.930000000000000000e+02,-4.122647583258975956e-04
9.940000000000000000e+02,-1.041117429067955902e-03
9.950000000000000000e+02,-1.464958184133391406e-03
9.960000000000000000e+02,-1.770184401560265242e-03
9.970000000000000000e+02,-1.921105201270228990e-03
9.980000000000000000e+02,-1.865162273864878761e-03
9.990000000000000000e+02,-1.526855134620586085e-03
1.000000000000000000e+03,-7.532692222246839542e-04
1.012000000000000000e+03,-1.163595926646776579e-04
1.013000000000000000e+03,-3.528625799038842548e-04
1.014000000000000000e+03,-3.831889290288603700e-04
1.015000000000000000e+03,-3.218536248975611969e-04
1.016000000000000000e+03,-4.194725094459339498e-04
1.017000000000000000e+03,-5.227178053585079809e-04
1.018000000000000000e+03,-1.126224886047189067e-04
1.026000000000000000e+03,-8.702059732162981120e-05
1.027000000000000000e+03,-2.954651615203751636e-04
1.028000000000000000e+03,-4.052840313400196681e-04
1.029000000000000000e+03,-5.324929238749165350e-04
1.030000000000000000e+03,-5.468943335743270406e-04
1.031000000000000000e+03,-5.970318620205361526e-04
1.032000000000000000e+03,-4.478056298783394951e-04
1.033000000000000000e+03,-3.919830052523665120e-04
1.034000000000000000e+03,-2.649605688593292818e-04
1.035000000000000000e+03,-1.575180030966571998e-04
1.059000000000000000e+03,-1.038715720563243572e-04
1.060000000000000000e+03,-2.329661157050577636e-04
1.061000000000000000e+03,-3.059706529420225252e-04
1.062000000000000000e+03,-2.828533999423843426e-04
1.063000000000000000e+03,-3.354281168629902332e-04
1.064000000000000000e+03,-3.924249043432415096e-04
1.065000000000000000e+03,-2.798218289209175591e-04
1.066000000000000000e+03,-2.167408679467075494e-04
1.067000000000000000e+03,-1.392583757985621506e-04
1.068000000000000000e+03,-5.596278360500694937e-05
1.069000000000000000e+03,-4.934636603670661259e-06
1.076000000000000000e+03,-3.877246772568121447e-04
1.077000000000000000e+03,-6.219966832259338219e-04
1.078000000000000000e+03,-7.140963865851779335e-04
1.079000000000000000e+03,-6.628163668052911017e-04
1.080000000000000000e+03,-5.431450360276757205e-04
1.081000000000000000e+03,-3.753788308755168224e-04
1.082000000000000000e+03,-2.941329749759635792e-04
1.083000000000000000e+03,-3.852609200054313288e-04
1.084000000000000000e+03,-5.356675875777816564e-04
1.085000000000000000e+03,-7.931963350806814361e-04
1.086000000000000000e+03,-1.003477231935417935e-03
1.087000000000000000e+03,-1.138025532822078967e-03
1.088000000000000000e+03,-7.238761506377922039e-04
1.089000000000000000e+03,-3.380013064098186248e-04
1.097000000000000000e+03,-4.256206399738671209e-05
1.098000000000000000e+03,-1.241241040974838672e-04
1.099000000000000000e+03,-1.293214230446704249e-05
1.108000000000000000e+03,-8.065572742027571351e-05
1.109000000000000000e+03,-5.698282363369999715e-05
1.110000000000000000e+03,-1.761157392732859428e-04
1.111000000000000000e+03,-3.726952408713291032e-04
1.112000000000000000e+03,-2.897101755494346786e-04
1.113000000000000000e+03,-1.390332125421611664e-04
1.114000000000000000e+03,-6.253948738929593354e-05
1.115000000000000000e+03,-4.663506741656164856e-05
1.116000000000000000e+03,-7.869678163383020397e-05
1.117000000000000000e+03,-4.534051778470882255e-06
1.118000000000000000e+03,-5.282974581799493308e-06
1.141000000000000000e+03,-7.309707676927956754e-07
1.142000000000000000e+03,-1.445095706622268050e-04
1.143000000000000000e+03,-3.102134263157085847e-04
1.144000000000000000e+03,-4.709055796918992787e-04
1.145000000000000000e+03,-6.019640638991186066e-04
1.146000000000000000e+03,-7.379156045923540574e-04
1.147000000000000000e+03,-7.078386845260076221e-04
1.148000000000000000e+03,-4.579613150559880275e-04
1.149000000000000000e+03,-1.856576763392403517e-04
1.157000000000000000e+03,-2.154029474077390205e-05
1.158000000000000000e+03,-7.617477689758622716e-05
1.159000000000000000e+03,-1.904883574588289719e-04
1.160000000000000000e+03,-3.016863819453041717e-04
1.161000000000000000e+03,-1.985348482751725374e-04
1.162000000000000000e+03,-1.791511479100060811e-04
1.163000000000000000e+03,-1.233682823488513325e-04
1.164000000000000000e+03,-2.417646379461735329e-04
1.165000000000000000e+03,-2.551586263687954936e-04
1.166000000000000000e+03,-2.809333068874708683e-04
1.167000000000000000e+03,-3.339692934379301370e-04
1.168000000000000000e+03,-2.814637535868691476e-04
1.182000000000000000e+03,-7.745190809149704592e-05
1.183000000000000000e+03,-4.317256865292717904e-04
1.184000000000000000e+03,-7.208950935826963224e-04
1.185000000000000000e+03,-7.543900437327055730e-04
1.186000000000000000e+03,-6.214081007635818832e-04
1.187000000000000000e+03,-4.679606297856853114e-04
1.188000000000000000e+03,-1.874883384773429196e-04
1.203000000000000000e+03,-3.263725379206994237e-04
1.204000000000000000e+03,-4.891098604242472003e-04
1.205000000000000000e+03,-5.066838373302129384e-04
1.206000000000000000e+03,-1.624478627486047877e-04
1.237000000000000000e+03,-8.258272445429981623e-05
1.238000000000000000e+03,-4.748238483269773269e-04
1.239000000000000000e+03,-8.102417082682111804e-04
1.240000000000000000e+03,-1.081503959579788177e-03
1.241000000000000000e+03,-1.163714266663146146e-03
1.242000000000000000e+03,-1.256414222620239052e-03
1.243000000000000000e+03,-1.151373008356743055e-03
1.244000000000000000e+03,-9.919239947833446980e-04
1.245000000000000000e+03,-6.757392349963919909e-04
1.246000000000000000e+03,-1.594783546044198363e-04
1.251000000000000000e+03,-1.410918586223497417e-04
1.252000000000000000e+03,-4.381972200963035746e-04
1.253000000000000000e+03,-6.894320525538677469e-04
1.254000000000000000e+03,-9.895371673487862729e-04
1.255000000000000000e+03,-1.259207440069021189e-03
1.256000000000000000e+03,-1.255187375899552427e-03
1.257000000000000000e+03,-1.193840375613652860e-03
1.258000000000000000e+03,-1.206807712786056586e-03
1.259000000000000000e+03,-1.283087698249835151e-03
1.260000000000000000e+03,-8.711672029462491640e-04
1.261000000000000000e+03,-3.253167131398171374e-04
1.287000000000000000e+03,-3.392649493882127221e-04
1.288000000000000000e+03,-6.148529198544139263e-04
1.289000000000000000e+03,-8.105384857482744732e-04
1.290000000000000000e+03,-9.253289401769393407e-04
1.291000000000000000e+03,-7.008436220790614790e-04
1.292000000000000000e+03,-4.247465477967837799e-04
1.293000000000000000e+03,-8.229057558509222936e-05
1.304000000000000000e+03,-2.140278819698360202e-04
1.305000000000000000e+03,-5.359223343545660434e-04
1.306000000000000000e+03,-5.738411493542983077e-04
1.307000000000000000e+03,-4.191314938537804569e-04
1.325000000000000000e+03,-5.140395634029015781e-05
1.326000000000000000e+03,-2.125939193557968565e-04
1.327000000000000000e+03,-1.386888160360699729e-04
1.339000000000000000e+03,-1.786421302138185840e-04
1.340000000000000000e+03,-5.652898941062023397e-04
1.341000000000000000e+03,-8.000193456637050282e-04
1.342000000000000000e+03,-1.068727627902082977e-03
1.343000000000000000e+03,-1.214877637012640177e-03
1.344000000000000000e+03,-1.345982268360496059e-03
1.345000000000000000e+03,-1.426567333970119034e-03
1.346000000000000000e+03,-1.341718977189126916e-03
1.347000000000000000e+03,-1.203756338410966187e-03
1.348000000000000000e+03,-1.290437592530641053e-03
1.349000000000000000e+03,-1.207309524791033706e-03
1.350000000000000000e+03,-1.056755847380408397e-03
1.351000000000000000e+03,-9.380044236848572581e-04
1.352000000000000000e+03,-9.713922866193547279e-04
1.353000000000000000e+03,-1.086494375427071724e-03
1.354000000000000000e+03,-1.265363326884899609e-03
1.355000000000000000e+03,-1.453091793383320951e-03
1.356000000000000000e+03,-1.402756052138992571e-03
1.357000000000000000e+03,-1.180211645612466720e-03
1.358000000000000000e+03,-9.647051161221220639e-04
1.359000000000000000e+03,-7.443477534866682621e-04
1.360000000000000000e+03,-5.047835503524389367e-04
1.361000000000000000e+03,-2.810896432358100938e-04
1.374000000000000000e+03,-1.599749818043116889e-05
1.392000000000000000e+03,-1.178273821653974540e-04
1.393000000000000000e+03,-5.288910399046942157e-04
1.394000000000000000e+03,-9.011636600796124608e-04
1.395000000000000000e+03,-1.219287481857400657e-03
1.396000000000000000e+03,-1.367778065349545269e-03
1.397000000000000000e+03,-1.476547419244800263e-03
1.398000000000000000e+03,-1.298073356866324968e-03
1.399000000000000000e+03,-8.260810076387570255e-04
1.400000000000000000e+03,-2.513060673157152536e-04
1.408000000000000000e+03,-3.596939451804559429e-04
1.409000000000000000e+03,-8.211302410557064224e-04
1.410000000000000000e+03,-1.172147551921159936e-03
1.411000000000000000e+03,-1.391055554480685741e-03
1.412000000000000000e+03,-1.274351958883923608e-03
1.413000000000000000e+03,-1.102632820715931938e-03
1.414000000000000000e+03,-9.029254440348077893e-04
1.415000000000000000e+03,-5.923522332328956530e-04
1.416000000000000000e+03,-1.669073554465549947e-04
1.422000000000000000e+03,-2.197609834987401811e-04
1.423000000000000000e+03,-6.652591871695590076e-04
1.424000000000000000e+03,-8.362056983115817577e-04
1.425000000000000000e+03,-9.496811849042108289e-04
1.426000000000000000e+03,-8.531313794401251815e-04
1.427000000000000000e+03,-5.876785498324932355e-04
1.428000000000000000e+03,-3.522837191992922445e-04
1.429000000000000000e+03,-1.618658732476518924e-04
1.432000000000000000e+03,-3.397278581457330304e-05
1.438000000000000000e+03,-1.089876154589664026e-04
1.439000000000000000e+03,-5.726940922259060596e-04
1.440000000000000000e+03,-8.935409785942871608e-04
1.441000000000000000e+03,-1.093183157561961050e-03
1.442000000000000000e+03,-1.203891262388928629e-03
1.443000000000000000e+03,-1.242026178584404450e-03
1.444000000000000000e+03,-1.097044671626662415e-03
1.445000000000000000e+03,-8.039921750610801165e-04
1.446000000000000000e+03,-5.198400876298137074e-04
1.447000000000000000e+03,-2.843717897968445207e-04
1.448000000000000000e+03,-2.811405106906139650e-05
1.453000000000000000e+03,-2.429275839951894334e-05
1.456000000000000000e+03,-1.611971710938076008e-05
1.457000000000000000e+03,-9.779424091815869247e-05
1.458000000000000000e+03,-8.687481858712930993e-05
1.459000000000000000e+03,-1.031589644024388797e-04
1.460000000000000000e+03,-2.034874447713885814e-04
1.461000000000000000e+03,-2.910363595683695959e-04
1.462000000000000000e+03,-2.942164017447346236e-04
1.463000000000000000e+03,-1.919665737419307128e-04
1.464000000000000000e+03,-4.710200344848480825e-05
1.474000000000000000e+03,-7.960344766638760561e-05
1.475000000000000000e+03,-3.491680447847977931e-04
1.476000000000000000e+03,-5.192120024541668766e-04
1.477000000000000000e+03,-5.289993219937949576e-04
1.478000000000000000e+03,-2.594497600627576617e-04
1.479000000000000000e+03,-1.159975511607069798e-04
1.480000000000000000e+03,-1.209931521786722364e-05
1.482000000000000000e+03,-5.116279752337415943e-05
1.483000000000000000e+03,-4.473328460699588227e-05
1.484000000000000000e+03,-1.023364149056738004e-04
1.485000000000000000e+03,-1.041447495820357894e-04
1.486000000000000000e+03,-2.116267696905260731e-04
1.487000000000000000e+03,-4.074151085886323909e-04
1.488000000000000000e+03,-4.868413482516376067e-04
1.489000000000000000e+03,-5.811589024155572325e-04
1.490000000000000000e+03,-5.124939737694567121e-04
1.491000000000000000e+03,-3.318730557498039691e-04
1.492000000000000000e+03,-2.558259785134797681e-05
1.505000000000000000e+03,-1.002857400858037096e-04
1.506000000000000000e+03,-3.994665678101472217e-04
1.507000000000000000e+03,-7.238227196980084877e-04
1.508000000000000000e+03,-7.322882972616850950e-04
1.509000000000000000e+03,-6.362586631825650763e-04
1.510000000000000000e+03,-4.637292303200091226e-04
1.511000000000000000e+03,-2.712009777944002220e-04
1.520000000000000000e+03,-3.653991008545631747e-04
1.521000000000000000e+03,-8.929218873402200440e-04
1.522000000000000000e+03,-1.439873073547565108e-03
1.523000000000000000e+03,-1.846219604035276296e-03
1.524000000000000000e+03,-2.142493367694814355e-03
1.525000000000000000e+03,-2.262696332786806597e-03
1.526000000000000000e+03,-2.052051578541880250e-03
1.527000000000000000e+03,-1.589684252437134626e-03
1.528000000000000000e+03,-9.703875899064740018e-04
1.529000000000000000e+03,-6.290870321426500489e-05
1.536000000000000000e+03,-1.638461254665490863e-04
1.537000000000000000e+03,-4.351371275413407069e-04
1.538000000000000000e+03,-7.526663212812645387e-04
1.539000000000000000e+03,-9.627023341396978573e-04
1.540000000000000000e+03,-1.264148182828023215e-03
1.541000000000000000e+03,-1.091160803774471333e-03
1.542000000000000000e+03,-8.095249053092501423e-04
1.543000000000000000e+03,-5.941449879677263013e-04
1.544000000000000000e+03,-5.012950160910301101e-04
1.545000000000000000e+03,-4.109369718766908708e-04
1.546000000000000000e+03,-3.190693823014734143e-04
1.547000000000000000e+03,-9.007625795437457228e-05
1.548000000000000000e+03,-6.687989558679108271e-05
1.549000000000000000e+03,-4.429378109718773437e-05
1.550000000000000000e+03,-5.182810471934806706e-05
1.551000000000000000e+03,-2.376133814679382006e-04
1.552000000000000000e+03,-2.236909061521519249e-04
1.553000000000000000e+03,-3.847028699006105334e-04
1.554000000000000000e+03,-4.235690705010064505e-04
1.555000000000000000e+03,-5.247568952551906474e-04
1.556000000000000000e+03,-6.275007547921485074e-04
1.557000000000000000e+03,-9.626206705612982972e-04
1.558000000000000000e+03,-1.299387510103999777e-03
1.559000000000000000e+03,-1.659886591183545868e-03
1.560000000000000000e+03,-2.069206556593566892e-03
1.561000000000000000e+03,-2.307960151337939969e-03
1.562000000000000000e+03,-2.453180749890759849e-03
1.563000000000000000e+03,-2.421650387832596785e-03
1.564000000000000000e+03,-2.069142528829587269e-03
1.565000000000000000e+03,-1.780649308183973600e-03
1.566000000000000000e+03,-1.532595384688612006e-03
1.567000000000000000e+03,-1.425946811959039051e-03
1.568000000000000000e+03,-1.246662901455170003e-03
1.569000000000000000e+03,-1.011136113121119395e-03
1.570000000000000000e+03,-7.024690155672252967e-04
1.571000000000000000e+03,-4.609252642802930122e-04
1.572000000000000000e+03,-2.949121163228762832e-04
1.573000000000000000e+03,-1.105384004882747906e-04
1.574000000000000000e+03,-1.148742559105297989e-04
1.575000000000000000e+03,-6.866577477554480780e-05
1.576000000000000000e+03,-1.312962940025752534e-04
1.577000000000000000e+03,-2.395135213086319048e-04
1.578000000000000000e+03,-2.447401229299650538e-04
1.579000000000000000e+03,-1.257694863056046941e-04
1.580000000000000000e+03,-3.287220337125362768e-05
1.582000000000000000e+03,-2.957632350414352018e-05
1.583000000000000000e+03,-1.008552792213235350e-04
1.584000000000000000e+03,-1.556145112485141091e-04
1.585000000000000000e+03,-2.662649453972765201e-04
1.586000000000000000e+03,-3.146627648357436247e-04
1.587000000000000000e+03,-4.370224340045913980e-04
1.588000000000000000e+03,-6.890064473790147304e-04
1.589000000000000000e+03,-9.185593277305781346e-04
1.590000000000000000e+03,-1.218701937966887305e-03
1.591000000000000000e+03,-1.518016233068186782e-03
1.592000000000000000e+03,-1.749465049715542841e-03
1.593000000000000000e+03,-1.641590613100596396e-03
1.594000000000000000e+03,-1.471216742561731738e-03
1.595000000000000000e+03,-1.294988716681683139e-03
1.596000000000000000e+03,-9.329984692698911619e-04
1.597000000000000000e+03,-6.686387152768091813e-04
1.598000000000000000e+03,-5.455549117713565099e-04
1.599000000000000000e+03,-5.743462942685850781e-04
1.600000000000000000e+03,-6.500591841412661775e-04
1.601000000000000000e+03,-7.356315225386655943e-04
1.602000000000000000e+03,-6.748476468445008258e-04
1.603000000000000000e+03,-5.556820014606944635e-04
1.604000000000000000e+03,-3.346386399339928985e-04
1.634000000000000000e+03,-1.105250997041895555e-04
1.635000000000000000e+03,-5.982596052178101864e-04
1.636000000000000000e+03,-6.929533759052197706e-04
1.637000000000000000e+03,-6.679545767881156504e-04
1.638000000000000000e+03,-7.065747302117675321e-04
1.639000000000000000e+03,-6.660131058153495598e-04
1.640000000000000000e+03,-6.730004936224831535e-04
1.641000000000000000e+03,-7.118030882891090982e-04
1.642000000000000000e+03,-7.210830768394627110e-04
1.643000000000000000e+03,-7.609197623799357491e-04
1.644000000000000000e+03,-7.875993500289502069e-04
1.645000000000000000e+03,-2.024601458549823985e-04
1.677000000000000000e+03,-1.869486160735733815e-04
1.678000000000000000e+03,-3.739420808375193417e-04
1.679000000000000000e+03,-6.915378481767153751e-04
1.680000000000000000e+03,-7.871472759637954120e-04
1.681000000000000000e+03,-8.000889545205225328e-04
1.682000000000000000e+03,-4.650894659955773225e-04
1.683000000000000000e+03,-5.306981263816790140e-05
1.717000000000000000e+03,-2.011561710441867046e-04
1.718000000000000000e+03,-4.852332789706259586e-04
1.719000000000000000e+03,-7.785315531278758083e-04
1.720000000000000000e+03,-9.864743062781844429e-04
1.721000000000000000e+03,-1.015569370346774969e-03
1.722000000000000000e+03,-8.564793438005646742e-04
1.723000000000000000e+03,-6.179342450118308072e-04
1.724000000000000000e+03,-4.009611340902441423e-04
1.725000000000000000e+03,-1.507707387871370930e-04
1.730000000000000000e+03,-9.569620780741638910e-05
1.731000000000000000e+03,-4.368374292076093734e-04
1.732000000000000000e+03,-6.015932180581939903e-04
1.733000000000000000e+03,-5.929215246425478814e-04
1.734000000000000000e+03,-4.890694474677104164e-04
1.735000000000000000e+03,-3.579547958683648723e-04
1.736000000000000000e+03,-1.513514614112365653e-04
1.775000000000000000e+03,-1.970669078451281475e-04
1.776000000000000000e+03,-3.023602062405816859e-04
1.777000000000000000e+03,-2.015074913290504366e-04
1.785000000000000000e+03,-1.574664736908037987e-04
1.786000000000000000e+03,-3.370615740207472122e-04
1.787000000000000000e+03,-4.661172354943898810e-04
1.788000000000000000e+03,-4.823827878446262929e-04
1.789000000000000000e+03,-2.758867145451204816e-04
1.812000000000000000e+03,-5.073053595536503035e-04
1.813000000000000000e+03,-9.628128228692522939e-04
1.814000000000000000e+03,-9.270803908842661922e-04
1.815000000000000000e+03,-8.085637851643623364e-04
1.816000000000000000e+03,-6.908408502110385818e-04
1.817000000000000000e+03,-4.818019671899431700e-04
1.818000000000000000e+03,-3.072527851294970525e-04
1.848000000000000000e+03,-2.034556976235613046e-04
1.849000000000000000e+03,-3.905424336385354689e-04
1.850000000000000000e+03,-5.403394158091934241e-04
1.851000000000000000e+03,-7.212066908121594899e-04
1.852000000000000000e+03,-7.397156205798671724e-04
1.853000000000000000e+03,-6.451043368128905886e-04
1.854000000000000000e+03,-2.208044799370534328e-04
1.864000000000000000e+03,-5.505978442513215221e-05
1.865000000000000000e+03,-9.098665572235264953e-05
1.866000000000000000e+03,-1.367809079191040222e-04
1.867000000000000000e+03,-1.438701826719790411e-05
1.886000000000000000e+03,-2.443864428630371233e-04
1.887000000000000000e+03,-4.033419240035418518e-04
1.888000000000000000e+03,-3.233025847854398283e-04
1.889000000000000000e+03,-1.064208548480494176e-04
1.895000000000000000e+03,-1.370908157974637387e-04
1.896000000000000000e+03,-3.957406284329223478e-04
1.897000000000000000e+03,-4.698212472926399652e-04
1.898000000000000000e+03,-5.034033052136732689e-04
1.899000000000000000e+03,-5.860935960859126048e-04
1.900000000000000000e+03,-6.839723151213783492e-04
1.901000000000000000e+03,-6.838059478779801026e-04
1.902000000000000000e+03,-6.748454865776187805e-04
1.903000000000000000e+03,-5.008172233693097830e-04
1.904000000000000000e+03,-2.328251550515469948e-04
1.934000000000000000e+03,-1.702614728294193913e-04
1.935000000000000000e+03,-8.205196381634027869e-04
1.936000000000000000e+03,-1.365127593388110183e-03
1.937000000000000000e+03,-1.787252386917181912e-03
1.938000000000000000e+03,-1.996097478146774407e-03
1.939000000000000000e+03,-1.782581932861210250e-03
1.940000000000000000e+03,-1.446825032503096242e-03
1.941000000000000000e+03,-1.011177404690394299e-03
1.942000000000000000e+03,-5.966582577450474378e-04
1.943000000000000000e+03,-1.853886551486105816e-04
1.949000000000000000e+03,-8.039371965778974172e-05
1.950000000000000000e+03,-1.504200362390517576e-04
1.951000000000000000e+03,-2.366942614205058693e-04
1.962000000000000000e+03,-2.118547255287872577e-04
1.963000000000000000e+03,-5.369647308177960543e-04
1.964000000000000000e+03,-8.027383529111142835e-04
1.965000000000000000e+03,-8.687953034990092416e-04
1.966000000000000000e+03,-7.078922829668599093e-04
1.967000000000000000e+03,-5.655809977651304887e-04
1.968000000000000000e+03,-1.218586172962443648e-04
1.974000000000000000e+03,-3.380618769076582097e-04
1.975000000000000000e+03,-6.848878343979070138e-04
1.976000000000000000e+03,-8.986279908403949079e-04
1.977000000000000000e+03,-8.433277304169539690e-04
1.978000000000000000e+03,-6.191722999666082750e-04
1.979000000000000000e+03,-4.690651355249986221e-04
1.980000000000000000e+03,-3.057698657255580876e-04
1.981000000000000000e+03,-2.480146692653839580e-04
1.982000000000000000e+03,-2.725126641745512224e-04
1.983000000000000000e+03,-4.794395801066830831e-04
1.984000000000000000e+03,-6.663823903936549886e-04
1.985000000000000000e+03,-7.491017243382025459e-04
1.986000000000000000e+03,-8.000413618367285817e-04
1.987000000000000000e+03,-9.375135209799545510e-04
1.988000000000000000e+03,-3.940326203169530750e-04
1.999000000000000000e+03,-2.574566141413381359e-04
